-- phpMyAdmin SQL Dump
-- version 5.1.1
-- https://www.phpmyadmin.net/
--
-- Host: 127.0.0.1
-- Waktu pembuatan: 04 Mar 2022 pada 08.37
-- Versi server: 10.4.20-MariaDB
-- Versi PHP: 8.0.8

SET SQL_MODE = "NO_AUTO_VALUE_ON_ZERO";
START TRANSACTION;
SET time_zone = "+00:00";


/*!40101 SET @OLD_CHARACTER_SET_CLIENT=@@CHARACTER_SET_CLIENT */;
/*!40101 SET @OLD_CHARACTER_SET_RESULTS=@@CHARACTER_SET_RESULTS */;
/*!40101 SET @OLD_COLLATION_CONNECTION=@@COLLATION_CONNECTION */;
/*!40101 SET NAMES utf8mb4 */;

--
-- Database: `perpus`
--

-- --------------------------------------------------------

--
-- Struktur dari tabel `buku`
--

CREATE TABLE `buku` (
  `id_buku` int(11) NOT NULL,
  `nama_buku` varchar(100) NOT NULL,
  `pengarang` varchar(100) NOT NULL,
  `deskripsi` text NOT NULL,
  `foto` varchar(255) NOT NULL
) ENGINE=InnoDB DEFAULT CHARSET=utf8mb4;

--
-- Dumping data untuk tabel `buku`
--

INSERT INTO `buku` (`id_buku`, `nama_buku`, `pengarang`, `deskripsi`, `foto`) VALUES
(14, 'The Adventure of Sherlock Holmes', 'Sir Arthur Conan Doyle', 'A', '3107buk.jpg'),
(17, 'The Case Book of Sherlock Holmes', 'Sir Arthur Conan Doyle', 'a', '4573bukuuu.jpg'),
(19, 'The Memoirs of Sherlock Holmes', 'Sir Arthur Conan Doyle', 'a', '776bbbbbbbb.jpg');

-- --------------------------------------------------------

--
-- Struktur dari tabel `detail_peminjaman_buku`
--

CREATE TABLE `detail_peminjaman_buku` (
  `id_detail_peminjaman` int(11) NOT NULL,
  `id_peminjaman_buku` int(11) NOT NULL,
  `id_buku` int(11) NOT NULL,
  `qty` int(11) NOT NULL
) ENGINE=InnoDB DEFAULT CHARSET=utf8mb4;

--
-- Dumping data untuk tabel `detail_peminjaman_buku`
--

INSERT INTO `detail_peminjaman_buku` (`id_detail_peminjaman`, `id_peminjaman_buku`, `id_buku`, `qty`) VALUES
(1, 1, 14, 1),
(2, 2, 17, 1),
(3, 2, 14, 1),
(4, 3, 14, 1),
(5, 4, 17, 1);

-- --------------------------------------------------------

--
-- Struktur dari tabel `kelas`
--

CREATE TABLE `kelas` (
  `id_kelas` int(11) NOT NULL,
  `nama_kelas` varchar(20) NOT NULL,
  `kelompok` varchar(20) NOT NULL
) ENGINE=InnoDB DEFAULT CHARSET=utf8mb4;

--
-- Dumping data untuk tabel `kelas`
--

INSERT INTO `kelas` (`id_kelas`, `nama_kelas`, `kelompok`) VALUES
(0, '', ''),
(2, 'XI RPL 7', 'RPL'),
(3, 'XI RPL 8', 'RPL'),
(5, 'XI RPL 6', 'RPL'),
(6, 'XI TKJ 1', 'TKJ');

-- --------------------------------------------------------

--
-- Struktur dari tabel `peminjaman_buku`
--

CREATE TABLE `peminjaman_buku` (
  `id_peminjaman_buku` int(11) NOT NULL,
  `id_siswa` int(11) NOT NULL,
  `tanggal_pinjam` date NOT NULL,
  `tanggal_kembali` date NOT NULL
) ENGINE=InnoDB DEFAULT CHARSET=utf8mb4;

--
-- Dumping data untuk tabel `peminjaman_buku`
--

INSERT INTO `peminjaman_buku` (`id_peminjaman_buku`, `id_siswa`, `tanggal_pinjam`, `tanggal_kembali`) VALUES
(1, 20, '2021-10-12', '2021-10-19'),
(2, 20, '2021-10-12', '2021-10-19'),
(3, 20, '2021-10-12', '2021-10-19'),
(4, 20, '2021-10-16', '2021-10-23');

-- --------------------------------------------------------

--
-- Struktur dari tabel `pengembalian_buku`
--

CREATE TABLE `pengembalian_buku` (
  `id_pengembalian_buku` int(11) NOT NULL,
  `id_peminjaman_buku` int(11) NOT NULL,
  `tanggal_pengembalian` date NOT NULL,
  `denda` int(11) NOT NULL
) ENGINE=InnoDB DEFAULT CHARSET=utf8mb4;

--
-- Dumping data untuk tabel `pengembalian_buku`
--

INSERT INTO `pengembalian_buku` (`id_pengembalian_buku`, `id_peminjaman_buku`, `tanggal_pengembalian`, `denda`) VALUES
(1, 1, '2021-10-12', 0),
(2, 2, '2021-10-12', 0),
(3, 3, '2021-10-12', 0),
(4, 4, '2021-10-16', 0);

-- --------------------------------------------------------

--
-- Struktur dari tabel `siswa`
--

CREATE TABLE `siswa` (
  `id_siswa` int(11) NOT NULL,
  `nama_siswa` varchar(100) NOT NULL,
  `tanggal_lahir` date NOT NULL,
  `gender` enum('L','P') NOT NULL,
  `alamat` text NOT NULL,
  `username` varchar(255) NOT NULL,
  `password` varchar(255) NOT NULL,
  `id_kelas` int(11) NOT NULL
) ENGINE=InnoDB DEFAULT CHARSET=utf8mb4;

--
-- Dumping data untuk tabel `siswa`
--

INSERT INTO `siswa` (`id_siswa`, `nama_siswa`, `tanggal_lahir`, `gender`, `alamat`, `username`, `password`, `id_kelas`) VALUES
(8, 'Dimas Y', '2005-04-08', 'L', ' malang ', 'dimasyoga', 'd41d8cd98f00b204e9800998ecf8427e', 0),
(9, 'adi', '2021-09-14', 'L', '        a', 'a', 'd41d8cd98f00b204e9800998ecf8427e', 3),
(13, 'tess', '2021-09-06', 'P', 'malang', 'rini', 'd41d8cd98f00b204e9800998ecf8427e', 0),
(20, 'Dimas', '2021-10-05', 'L', '        a', 'dimas', 'd41d8cd98f00b204e9800998ecf8427e', 2);

--
-- Indexes for dumped tables
--

--
-- Indeks untuk tabel `buku`
--
ALTER TABLE `buku`
  ADD PRIMARY KEY (`id_buku`);

--
-- Indeks untuk tabel `detail_peminjaman_buku`
--
ALTER TABLE `detail_peminjaman_buku`
  ADD PRIMARY KEY (`id_detail_peminjaman`),
  ADD KEY `id_peminjaman_buku` (`id_peminjaman_buku`),
  ADD KEY `id_buku` (`id_buku`);

--
-- Indeks untuk tabel `kelas`
--
ALTER TABLE `kelas`
  ADD PRIMARY KEY (`id_kelas`);

--
-- Indeks untuk tabel `peminjaman_buku`
--
ALTER TABLE `peminjaman_buku`
  ADD PRIMARY KEY (`id_peminjaman_buku`),
  ADD KEY `id_siswa` (`id_siswa`);

--
-- Indeks untuk tabel `pengembalian_buku`
--
ALTER TABLE `pengembalian_buku`
  ADD PRIMARY KEY (`id_pengembalian_buku`),
  ADD KEY `id_peminjaman_buku` (`id_peminjaman_buku`);

--
-- Indeks untuk tabel `siswa`
--
ALTER TABLE `siswa`
  ADD PRIMARY KEY (`id_siswa`),
  ADD KEY `id_kelas` (`id_kelas`);

--
-- AUTO_INCREMENT untuk tabel yang dibuang
--

--
-- AUTO_INCREMENT untuk tabel `buku`
--
ALTER TABLE `buku`
  MODIFY `id_buku` int(11) NOT NULL AUTO_INCREMENT, AUTO_INCREMENT=20;

--
-- AUTO_INCREMENT untuk tabel `detail_peminjaman_buku`
--
ALTER TABLE `detail_peminjaman_buku`
  MODIFY `id_detail_peminjaman` int(11) NOT NULL AUTO_INCREMENT, AUTO_INCREMENT=6;

--
-- AUTO_INCREMENT untuk tabel `kelas`
--
ALTER TABLE `kelas`
  MODIFY `id_kelas` int(11) NOT NULL AUTO_INCREMENT, AUTO_INCREMENT=7;

--
-- AUTO_INCREMENT untuk tabel `peminjaman_buku`
--
ALTER TABLE `peminjaman_buku`
  MODIFY `id_peminjaman_buku` int(11) NOT NULL AUTO_INCREMENT, AUTO_INCREMENT=5;

--
-- AUTO_INCREMENT untuk tabel `pengembalian_buku`
--
ALTER TABLE `pengembalian_buku`
  MODIFY `id_pengembalian_buku` int(11) NOT NULL AUTO_INCREMENT, AUTO_INCREMENT=5;

--
-- AUTO_INCREMENT untuk tabel `siswa`
--
ALTER TABLE `siswa`
  MODIFY `id_siswa` int(11) NOT NULL AUTO_INCREMENT, AUTO_INCREMENT=21;

--
-- Ketidakleluasaan untuk tabel pelimpahan (Dumped Tables)
--

--
-- Ketidakleluasaan untuk tabel `detail_peminjaman_buku`
--
ALTER TABLE `detail_peminjaman_buku`
  ADD CONSTRAINT `detail_peminjaman_buku_ibfk_1` FOREIGN KEY (`id_peminjaman_buku`) REFERENCES `peminjaman_buku` (`id_peminjaman_buku`),
  ADD CONSTRAINT `detail_peminjaman_buku_ibfk_2` FOREIGN KEY (`id_buku`) REFERENCES `buku` (`id_buku`);

--
-- Ketidakleluasaan untuk tabel `peminjaman_buku`
--
ALTER TABLE `peminjaman_buku`
  ADD CONSTRAINT `peminjaman_buku_ibfk_1` FOREIGN KEY (`id_siswa`) REFERENCES `siswa` (`id_siswa`);

--
-- Ketidakleluasaan untuk tabel `pengembalian_buku`
--
ALTER TABLE `pengembalian_buku`
  ADD CONSTRAINT `pengembalian_buku_ibfk_1` FOREIGN KEY (`id_peminjaman_buku`) REFERENCES `peminjaman_buku` (`id_peminjaman_buku`);

--
-- Ketidakleluasaan untuk tabel `siswa`
--
ALTER TABLE `siswa`
  ADD CONSTRAINT `siswa_ibfk_1` FOREIGN KEY (`id_kelas`) REFERENCES `kelas` (`id_kelas`);
COMMIT;

/*!40101 SET CHARACTER_SET_CLIENT=@OLD_CHARACTER_SET_CLIENT */;
/*!40101 SET CHARACTER_SET_RESULTS=@OLD_CHARACTER_SET_RESULTS */;
/*!40101 SET COLLATION_CONNECTION=@OLD_COLLATION_CONNECTION */;
